,model,accuracy
0,Decision Tree,0.7368421052631579
1,Random Forest,0.7105263157894737
2,SVM,0.6842105263157895
3,Gradient Boosting,0.6578947368421053
4,Logistic Regression,0.6052631578947368
5,Neural Network,0.5789473684210527
